"id","name"
"374","Cebo Biolure "
"375","Inoculante Vicia Nitrap"
"376","Inoculante Alfalfa  Nitrap"
"377","Inoculante Turba Alfalfa Nitrap"
"378","Inoculante Turba Lotus  Nitrap"
"379","Inoculante Turba Trebol Nitrap"
"380","Masterfix Inoculante - (FM)"
"381","Masterfix L Gramineas "
"382","Masterfix L Gramineas - (FM)"
"383","Masterfix Pack Premium "
"384","Masterfix Pack Premium - (FM)"
"385","Masterfix TC Inoculante"
"386","Masterfix TC Inoculante- (FM)"
"387","Masterfix TCM Inoculante"
"388","Masterfix TCM Inoculante- (FM)"
"389","Mochila Jacto"
"390","Panic Ratic Bloque Biogens"
"391","Repelente NTP"
"392","Silo Bolsa  Reforzada Agrinplex"
"393","Silo Bolsa Ipesa Reforzada"
"394","Trampa Multilure "
"395","Tubo Fosfuro Aluminio 56% Quickphos "